Imagen,Clasificacion
Smurfs11005.jpg,Pitufos
Smurfs11217.jpg,Pitufos
Smurfs11424.jpg,Pitufos
Smurfs11677.jpg,Pitufos
Smurfs11678.jpg,Pitufos
Smurfs11721.jpg,Pitufos
Smurfs11902.jpg,Pitufos
Smurfs11916.jpg,Pitufos
Smurfs11926.jpg,Pitufos
Smurfs12003.jpg,Pitufos
Smurfs12080.jpg,Pitufos
Smurfs12253.jpg,Pitufos
Smurfs12401.jpg,Pitufos
Smurfs12454.jpg,Pitufos
Smurfs12505.jpg,Pitufos
Smurfs12714.jpg,Pitufos
Smurfs12767.jpg,Pitufos
Smurfs12826.jpg,Pitufos
Smurfs12987.jpg,Pitufos
Smurfs13044.jpg,Pitufos
Smurfs14059.jpg,Pitufos
Smurfs14061.jpg,Pitufos
Smurfs14071.jpg,Pitufos
Smurfs14476.jpg,Pitufos
Smurfs14538.jpg,Pitufos
Smurfs14550.jpg,Pitufos
Smurfs14672.jpg,Pitufos
Smurfs14687.jpg,Pitufos
Smurfs14691.jpg,Pitufos
Smurfs14692.jpg,Pitufos
Smurfs14696.jpg,Pitufos
Smurfs14780.jpg,Pitufos
Smurfs14781.jpg,Pitufos
Smurfs14786.jpg,Pitufos
Smurfs14910.jpg,Pitufos
Smurfs14911.jpg,Pitufos
Smurfs15572.jpg,Pitufos
Smurfs15647.jpg,Pitufos
Smurfs15911.jpg,Pitufos
Smurfs16006.jpg,Bob Esponja
Smurfs16178.jpg,Ninguno
Smurfs16179.jpg,Pitufos
Smurfs16348.jpg,Pitufos
Smurfs16353.jpg,Pitufos
Smurfs16354.jpg,Pitufos
Smurfs16393.jpg,Pitufos
Smurfs16528.jpg,Pitufos
Smurfs3397.jpg,Pitufos
Smurfs3519.jpg,Pitufos
Smurfs3780.jpg,Pitufos
Smurfs3839.jpg,Pitufos
Smurfs3912.jpg,Pitufos
Smurfs3932.jpg,Pitufos
Smurfs3948.jpg,Pitufos
Smurfs4056.jpg,Pitufos
Smurfs4105.jpg,Pitufos
Smurfs4125.jpg,Pitufos
Smurfs4127.jpg,Pitufos
Smurfs4230.jpg,Pitufos
Smurfs4565.jpg,Pitufos
Smurfs4626.jpg,Pitufos
Smurfs4769.jpg,Ninguno
Smurfs4790.jpg,Ninguno
Smurfs4795.jpg,Ninguno
Smurfs4803.jpg,Ninguno
Smurfs4804.jpg,Ninguno
Smurfs4879.jpg,Pitufos
Smurfs4882.jpg,Pitufos
Smurfs4897.jpg,Pitufos
Smurfs4898.jpg,Pitufos
Smurfs4906.jpg,Pitufos
Smurfs4910.jpg,Pitufos
Smurfs4911.jpg,Pitufos
Smurfs4917.jpg,Pitufos
Smurfs4918.jpg,Pitufos
Smurfs4919.jpg,Pitufos
Smurfs4923.jpg,Pitufos
Smurfs4930.jpg,Pitufos
Smurfs4932.jpg,Pitufos
Smurfs4934.jpg,Pitufos
Smurfs4935.jpg,Pitufos
Smurfs4936.jpg,Pitufos
Smurfs5527.jpg,Pitufos
Smurfs5528.jpg,Pitufos
Smurfs5543.jpg,Pitufos
Smurfs5544.jpg,Pitufos
Smurfs5565.jpg,Pitufos
Smurfs5581.jpg,Pitufos
Smurfs5591.jpg,Pitufos
Smurfs5594.jpg,Pitufos
Smurfs5597.jpg,Pitufos
Smurfs5770.jpg,Pitufos
Smurfs5817.jpg,Pitufos
Smurfs5885.jpg,Pitufos
Smurfs5898.jpg,Pitufos
Smurfs5914.jpg,Pitufos
Smurfs5934.jpg,Pitufos
Smurfs5935.jpg,Pitufos
Smurfs5939.jpg,Pitufos
Smurfs6447.jpg,Pitufos
Smurfs6522.jpg,Pitufos
Smurfs6668.jpg,Pitufos
Smurfs7502.jpg,Ninguno
Smurfs7513.jpg,Pitufos
Smurfs7584.jpg,Pitufos
Smurfs7585.jpg,Pitufos
Smurfs7614.jpg,Pitufos
Smurfs7615.jpg,Pitufos
Smurfs7660.jpg,Pitufos
Smurfs7824.jpg,Ninguno
Smurfs7861.jpg,Pitufos
Smurfs8605.jpg,Pitufos
Smurfs8697.jpg,Pitufos
Smurfs8792.jpg,Ninguno
Smurfs9118.jpg,Pitufos
Smurfs9205.jpg,Pitufos
